{
  "project_info": {
    "project_number": "770208825104",
    "project_id": "perfume-350ed",
    "storage_bucket": "perfume-350ed.appspot.com"
  },
  "client": [
    {
      "client_info": {
        "mobilesdk_app_id": "1:770208825104:android:a2d9e92ac71a9a2968af95",
        "android_client_info": {
          "package_name": "com.example.yaredperfume"
        }
      },
      "oauth_client": [],
      "api_key": [
        {
          "current_key": "AIzaSyDuQYOFlXTBtENjLJU0inLBYQ37njN_wyI"
        }
      ],
      "services": {
        "appinvite_service": {
          "other_platform_oauth_client": []
        }
      }
    }
  ],
  "configuration_version": "1"
}